{
    "alltitlesData": [
        [
            1,
            0,
            1
        ],
        [
            2,
            0,
            1
        ],
        [
            3,
            0,
            0
        ],
        [
            4,
            0,
            1
        ],
        [
            5,
            0,
            1
        ],
        [
            6,
            0,
            1
        ],
        [
            7,
            0,
            0
        ],
        [
            8,
            0,
            0
        ]
    ],
    "equipedTitle": [
        4,
        5,
        6
    ],
    "sceneIndex": 0,
    "playerPos": {
        "x": 0.687793136,
        "y": 1.395938,
        "z": 0.0
    },
    "playerLevel": 1
}