{"alltitlesData":[[1,0,0],[2,0,0],[3,0,0],[20,1,0],[21,2,0],[22,3,0],[23,0,0],[24,0,0],[25,1,0],[26,1,0],[27,2,0],[28,3,0],[29,0,0],[30,0,0],[31,1,0],[32,0,0],[80,0,0]],"equipedTitle":[],"sceneIndex":3,"playerPos":{"x":-8.718855,"y":0.300005019,"z":6.24284458},"playerLevel":1,"Hp":90,"exp":0,"load":15,"gold":1000,"parts":500}
