{"alltitlesData":[[1,0,1],[2,0,1],[3,0,0],[20,1,1],[21,2,1],[22,3,1],[23,0,0],[24,0,0],[25,1,1],[26,1,1],[27,2,1],[28,3,1],[29,0,0],[30,0,0],[31,1,1],[32,0,1],[80,0,1],[81,0,0],[82,1,1],[83,2,1],[84,3,1],[85,0,0]],"equipedTitle":[20,21,22],"sceneIndex":3,"playerPos":{"x":-8.718855,"y":0.300005019,"z":6.24284458},"playerLevel":1,"Hp":90,"exp":0,"load":15,"gold":1000,"parts":500}
