{"alltitlesData":[[1,0,0],[2,0,0],[3,0,0],[20,0,0],[21,0,0],[22,0,0],[23,0,0],[24,0,0],[25,0,0],[26,0,0],[27,0,0],[28,0,0],[29,0,0],[30,0,0],[31,0,0],[32,0,0],[80,0,0],[81,0,0]],"equipedTitle":[],"sceneIndex":3,"playerPos":{"x":-8.718855,"y":0.300005019,"z":6.24284458},"playerLevel":1,"Hp":90,"exp":0,"load":15,"gold":1000,"parts":500}
